Financial Year,total_crore,assigned_crore,unassigned_pct,top5_share_pct,gini,yoy_growth_pct
FY 2014-15,10065.93,5418.68,46.168,54.255,0.473,
FY 2015-16,14517.205,9567.025,34.099,45.885,0.455,44.221
FY 2016-17,14542.506,9101.056,37.418,56.828,0.487,0.174
FY 2017-18,17098.573,10656.153,37.678,57.81,0.477,17.577
FY 2018-19,20217.654,12612.819,37.615,56.415,0.463,18.242
FY 2019-20,24965.821,13768.493,44.851,55.838,0.461,23.485
FY 2020-21,26210.954,14745.165,43.744,54.953,0.43,4.987
FY 2021-22,27141.448,19720.772,27.341,58.365,0.458,3.55
FY 2022-23,30932.076,23671.602,23.472,54.827,0.434,13.966
FY 2023-24,34908.754,26946.655,22.808,55.469,0.441,12.856
