state_key,csr_share_pct,fc15_share_pct,population_share_pct,csr_crore,csr_crore_if_fc_shares
andhra pradesh,5.789,4.047,4.208,7887.368,5514.267
arunachal pradesh,0.201,1.757,0.117,274.013,2394.012
assam,2.06,3.128,2.649,2807.521,4262.077
bihar,1.018,10.058,8.836,1386.739,13704.595
chhattisgarh,2.023,3.407,2.168,2756.753,4642.231
goa,0.345,0.386,0.124,470.01,525.947
gujarat,9.25,3.478,5.13,12604.021,4738.972
haryana,3.671,1.093,2.152,5002.276,1489.274
himachal pradesh,0.624,0.83,0.583,849.842,1130.922
jharkhand,1.442,3.307,2.8,1965.234,4505.975
karnataka,9.794,3.647,5.186,13344.784,4969.244
kerala,1.837,1.925,2.835,2503.184,2622.922
madhya pradesh,2.33,7.85,6.164,3174.52,10696.07
maharashtra,26.3,6.317,9.538,35835.368,8607.271
manipur,0.155,0.716,0.242,210.917,975.591
meghalaya,0.114,0.767,0.252,155.514,1045.081
mizoram,0.02,0.5,0.093,27.597,681.278
nagaland,0.042,0.569,0.168,56.636,775.295
odisha,5.035,4.528,3.563,6860.449,6169.657
punjab,1.195,1.807,2.355,1627.727,2462.14
rajasthan,4.816,6.026,5.818,6562.613,8210.767
sikkim,0.115,0.388,0.052,156.778,528.672
tamil nadu,7.718,4.079,6.124,10516.113,5557.869
telangana,3.881,2.102,2.971,5288.203,2864.094
tripura,0.068,0.708,0.312,92.216,964.69
uttar pradesh,5.455,17.939,16.959,7432.511,24442.904
uttarakhand,1.24,1.118,0.856,1690.098,1523.338
west bengal,3.462,7.523,7.747,4716.663,10250.514
