unit_key,crore,pop,per_resident_rs,mpi
andaman and nicobar,22.425,380581,589.231,2.3
andhra pradesh,7887.368,49577103,1590.93,6.06
arunachal pradesh,274.013,1383727,1980.256,13.76
assam,2807.521,31205576,899.686,19.35
bihar,1386.739,104099452,133.213,33.76
chandigarh,272.962,1055450,2586.21,3.52
chhattisgarh,2756.753,25545198,1079.167,16.37
delhi,8703.639,16787941,5184.459,3.43
dnh&dd,222.579,586956,3792.096,9.21
goa,470.01,1458545,3222.458,0.84
gujarat,12604.021,60439692,2085.388,11.66
haryana,5002.276,25351462,1973.171,7.07
himachal pradesh,849.842,6864602,1238.006,4.93
jammu and kashmir,558.691,12267013,455.442,4.8
jharkhand,1965.234,32988134,595.74,28.81
karnataka,13344.784,61095297,2184.257,7.58
kerala,2503.184,33406061,749.32,0.55
lakshadweep,4.328,64473,671.246,1.11
leh & ladakh,56.963,274289,2076.762,3.53
madhya pradesh,3174.52,72626809,437.1,20.63
maharashtra,35835.368,112374333,3188.928,7.81
manipur,210.917,2855794,738.558,8.1
meghalaya,155.514,2966889,524.165,27.79
mizoram,27.597,1097206,251.517,5.3
nagaland,56.636,1978502,286.259,15.43
odisha,6860.449,41974218,1634.444,15.68
puducherry,111.166,1247953,890.783,0.85
punjab,1627.727,27743338,586.709,4.75
rajasthan,6562.613,68548437,957.369,15.31
sikkim,156.778,610577,2567.698,2.6
tamil nadu,10516.113,72147030,1457.595,2.2
telangana,5288.203,35003674,1510.756,5.88
tripura,92.216,3673917,251.002,13.11
uttar pradesh,7432.511,199812341,371.975,22.93
uttarakhand,1690.098,10086292,1675.639,9.67
west bengal,4716.663,91276115,516.747,11.89
