state_key,crore,population_2011,share_of_assigned_pct,per_resident_rs
maharashtra,35835.368,112374333,24.51,3188.928
karnataka,13344.784,61095297,9.127,2184.257
gujarat,12604.021,60439692,8.621,2085.388
tamil nadu,10516.113,72147030,7.193,1457.595
delhi,8703.639,16787941,5.953,5184.459
andhra pradesh,7887.368,49577103,5.395,1590.93
uttar pradesh,7432.511,199812341,5.084,371.975
odisha,6860.449,41974218,4.692,1634.444
rajasthan,6562.613,68548437,4.489,957.369
telangana,5288.203,35003674,3.617,1510.756
haryana,5002.276,25351462,3.421,1973.171
west bengal,4716.663,91276115,3.226,516.747
madhya pradesh,3174.52,72626809,2.171,437.1
assam,2807.521,31205576,1.92,899.686
chhattisgarh,2756.753,25545198,1.885,1079.167
kerala,2503.184,33406061,1.712,749.32
jharkhand,1965.234,32988134,1.344,595.74
uttarakhand,1690.098,10086292,1.156,1675.639
punjab,1627.727,27743338,1.113,586.709
bihar,1386.739,104099452,0.948,133.213
himachal pradesh,849.842,6864602,0.581,1238.006
jammu and kashmir,558.691,12267013,0.382,455.442
goa,470.01,1458545,0.321,3222.458
arunachal pradesh,274.013,1383727,0.187,1980.256
chandigarh,272.962,1055450,0.187,2586.21
manipur,210.917,2855794,0.144,738.558
sikkim,156.778,610577,0.107,2567.698
meghalaya,155.514,2966889,0.106,524.165
dadra and nagar haveli,129.671,343709,0.089,3772.71
puducherry,111.166,1247953,0.076,890.783
daman and diu,92.908,243247,0.064,3819.488
tripura,92.216,3673917,0.063,251.002
leh & ladakh,56.963,274289,0.039,2076.762
nagaland,56.636,1978502,0.039,286.259
mizoram,27.597,1097206,0.019,251.517
andaman and nicobar,22.425,380581,0.015,589.231
lakshadweep,4.328,64473,0.003,671.246
