state_key,region,population_2011,note
uttar pradesh,Uttar Pradesh,199812341,
maharashtra,Maharashtra,112374333,
bihar,Bihar,104099452,
west bengal,West Bengal,91276115,
madhya pradesh,Madhya Pradesh,72626809,
tamil nadu,Tamil Nadu,72147030,
rajasthan,Rajasthan,68548437,
karnataka,Karnataka,61095297,
gujarat,Gujarat,60439692,
andhra pradesh,Andhra Pradesh,49577103,Residual state after 2014 bifurcation
telangana,Telangana,35003674,Carved from Andhra Pradesh in 2014
odisha,Odisha,41974218,
kerala,Kerala,33406061,
jharkhand,Jharkhand,32988134,
assam,Assam,31205576,
punjab,Punjab,27743338,
chhattisgarh,Chhattisgarh,25545198,
haryana,Haryana,25351462,
delhi,Delhi,16787941,
jammu and kashmir,Jammu and Kashmir,12267013,Excludes Ladakh (UT since 2019)
leh & ladakh,Ladakh,274289,Leh and Kargil districts
uttarakhand,Uttarakhand,10086292,
himachal pradesh,Himachal Pradesh,6864602,
tripura,Tripura,3673917,
meghalaya,Meghalaya,2966889,
manipur,Manipur,2855794,
nagaland,Nagaland,1978502,
goa,Goa,1458545,
arunachal pradesh,Arunachal Pradesh,1383727,
puducherry,Puducherry,1247953,
mizoram,Mizoram,1097206,
chandigarh,Chandigarh,1055450,
sikkim,Sikkim,610577,
andaman and nicobar,Andaman and Nicobar,380581,
dadra and nagar haveli,Dadra and Nagar Haveli,343709,
daman and diu,Daman and Diu,243247,
lakshadweep,Lakshadweep,64473,
