state_key,region,fc15_share_pct_2021_26
andhra pradesh,Andhra Pradesh,4.047
arunachal pradesh,Arunachal Pradesh,1.757
assam,Assam,3.128
bihar,Bihar,10.058
chhattisgarh,Chhattisgarh,3.407
goa,Goa,0.386
gujarat,Gujarat,3.478
haryana,Haryana,1.093
himachal pradesh,Himachal Pradesh,0.830
jharkhand,Jharkhand,3.307
karnataka,Karnataka,3.647
kerala,Kerala,1.925
madhya pradesh,Madhya Pradesh,7.850
maharashtra,Maharashtra,6.317
manipur,Manipur,0.716
meghalaya,Meghalaya,0.767
mizoram,Mizoram,0.500
nagaland,Nagaland,0.569
odisha,Odisha,4.528
punjab,Punjab,1.807
rajasthan,Rajasthan,6.026
sikkim,Sikkim,0.388
tamil nadu,Tamil Nadu,4.079
telangana,Telangana,2.102
tripura,Tripura,0.708
uttar pradesh,Uttar Pradesh,17.939
uttarakhand,Uttarakhand,1.118
west bengal,West Bengal,7.523
