unit_key,region,mpi_headcount_pct_2019_21
bihar,Bihar,33.76
jharkhand,Jharkhand,28.81
meghalaya,Meghalaya,27.79
uttar pradesh,Uttar Pradesh,22.93
madhya pradesh,Madhya Pradesh,20.63
assam,Assam,19.35
chhattisgarh,Chhattisgarh,16.37
odisha,Odisha,15.68
nagaland,Nagaland,15.43
rajasthan,Rajasthan,15.31
arunachal pradesh,Arunachal Pradesh,13.76
tripura,Tripura,13.11
west bengal,West Bengal,11.89
gujarat,Gujarat,11.66
uttarakhand,Uttarakhand,9.67
manipur,Manipur,8.1
maharashtra,Maharashtra,7.81
karnataka,Karnataka,7.58
haryana,Haryana,7.07
andhra pradesh,Andhra Pradesh,6.06
telangana,Telangana,5.88
mizoram,Mizoram,5.3
himachal pradesh,Himachal Pradesh,4.93
punjab,Punjab,4.75
sikkim,Sikkim,2.6
tamil nadu,Tamil Nadu,2.2
goa,Goa,0.84
kerala,Kerala,0.55
dnh&dd,Dadra and Nagar Haveli and Daman and Diu,9.21
jammu and kashmir,Jammu and Kashmir,4.8
leh & ladakh,Ladakh,3.53
chandigarh,Chandigarh,3.52
delhi,Delhi,3.43
andaman and nicobar,Andaman and Nicobar,2.3
lakshadweep,Lakshadweep,1.11
puducherry,Puducherry,0.85
